{"cameraMode":{"drawMode":0,"name":"Shaded","section":"Shading Mode"},"sceneLighting":false,"audioPlay":false,"sceneViewState":{"showFog":true,"showMaterialUpdate":false,"showSkybox":false,"showFlares":true,"showImageEffects":true,"showParticleSystems":true},"in2DMode":false,"pivot":{"x":0.0,"y":3.453080892562866,"z":-33.42781066894531},"rotation":{"x":0.1575801968574524,"y":-0.09611822664737702,"z":0.015412530861794949,"w":0.9827013611793518},"size":16.516067504882814,"orthographic":false}